source,go-ipfs,js-ipfs,command,Chunker,CidVer,Inlining,RawLeaves,Trickle
../testdata/zero_0B.zst,bafybeif7ztnhq65lumvvtr4ekcwd2ifwgm3awq4zfr3srh462rwyinlb4y,, add --chunker=rabin --trickle=false --raw-leaves=false --cid-version=1 ../testdata/zero_0B.zst,"rabin","1","0","false","false"
../testdata/zero_0B.zst,bafybeif7ztnhq65lumvvtr4ekcwd2ifwgm3awq4zfr3srh462rwyinlb4y,, add --chunker=rabin --trickle=true --raw-leaves=false --cid-version=1 ../testdata/zero_0B.zst,"rabin","1","0","false","true"
../testdata/zero_0B.zst,bafybeif7ztnhq65lumvvtr4ekcwd2ifwgm3awq4zfr3srh462rwyinlb4y,, add --chunker=rabin-128-65535-524288 --trickle=false --raw-leaves=false --cid-version=1 ../testdata/zero_0B.zst,"rabin-128-65535-524288","1","0","false","false"
../testdata/zero_0B.zst,bafybeif7ztnhq65lumvvtr4ekcwd2ifwgm3awq4zfr3srh462rwyinlb4y,, add --chunker=rabin-128-65535-524288 --trickle=true --raw-leaves=false --cid-version=1 ../testdata/zero_0B.zst,"rabin-128-65535-524288","1","0","false","true"
../testdata/zero_0B.zst,bafybeif7ztnhq65lumvvtr4ekcwd2ifwgm3awq4zfr3srh462rwyinlb4y,, add --chunker=rabin-262141 --trickle=false --raw-leaves=false --cid-version=1 ../testdata/zero_0B.zst,"rabin-262141","1","0","false","false"
../testdata/zero_0B.zst,bafybeif7ztnhq65lumvvtr4ekcwd2ifwgm3awq4zfr3srh462rwyinlb4y,, add --chunker=rabin-262141 --trickle=true --raw-leaves=false --cid-version=1 ../testdata/zero_0B.zst,"rabin-262141","1","0","false","true"
../testdata/zero_0B.zst,bafybeif7ztnhq65lumvvtr4ekcwd2ifwgm3awq4zfr3srh462rwyinlb4y,, add --chunker=rabin-262144-524288-1048576 --trickle=false --raw-leaves=false --cid-version=1 ../testdata/zero_0B.zst,"rabin-262144-524288-1048576","1","0","false","false"
../testdata/zero_0B.zst,bafybeif7ztnhq65lumvvtr4ekcwd2ifwgm3awq4zfr3srh462rwyinlb4y,, add --chunker=rabin-262144-524288-1048576 --trickle=true --raw-leaves=false --cid-version=1 ../testdata/zero_0B.zst,"rabin-262144-524288-1048576","1","0","false","true"
../testdata/zero_0B.zst,bafkreihdwdcefgh4dqkjv67uzcmw7ojee6xedzdetojuzjevtenxquvyku,, add --chunker=rabin --trickle=false --raw-leaves=true --cid-version=1 ../testdata/zero_0B.zst,"rabin","1","0","true","false"
../testdata/zero_0B.zst,bafybeif7ztnhq65lumvvtr4ekcwd2ifwgm3awq4zfr3srh462rwyinlb4y,, add --chunker=rabin --trickle=true --raw-leaves=true --cid-version=1 ../testdata/zero_0B.zst,"rabin","1","0","true","true"
../testdata/zero_0B.zst,bafkreihdwdcefgh4dqkjv67uzcmw7ojee6xedzdetojuzjevtenxquvyku,, add --chunker=rabin-128-65535-524288 --trickle=false --raw-leaves=true --cid-version=1 ../testdata/zero_0B.zst,"rabin-128-65535-524288","1","0","true","false"
../testdata/zero_0B.zst,bafybeif7ztnhq65lumvvtr4ekcwd2ifwgm3awq4zfr3srh462rwyinlb4y,, add --chunker=rabin-128-65535-524288 --trickle=true --raw-leaves=true --cid-version=1 ../testdata/zero_0B.zst,"rabin-128-65535-524288","1","0","true","true"
../testdata/zero_0B.zst,bafkreihdwdcefgh4dqkjv67uzcmw7ojee6xedzdetojuzjevtenxquvyku,, add --chunker=rabin-262141 --trickle=false --raw-leaves=true --cid-version=1 ../testdata/zero_0B.zst,"rabin-262141","1","0","true","false"
../testdata/zero_0B.zst,bafybeif7ztnhq65lumvvtr4ekcwd2ifwgm3awq4zfr3srh462rwyinlb4y,, add --chunker=rabin-262141 --trickle=true --raw-leaves=true --cid-version=1 ../testdata/zero_0B.zst,"rabin-262141","1","0","true","true"
../testdata/zero_0B.zst,bafkreihdwdcefgh4dqkjv67uzcmw7ojee6xedzdetojuzjevtenxquvyku,, add --chunker=rabin-262144-524288-1048576 --trickle=false --raw-leaves=true --cid-version=1 ../testdata/zero_0B.zst,"rabin-262144-524288-1048576","1","0","true","false"
../testdata/zero_0B.zst,bafybeif7ztnhq65lumvvtr4ekcwd2ifwgm3awq4zfr3srh462rwyinlb4y,, add --chunker=rabin-262144-524288-1048576 --trickle=true --raw-leaves=true --cid-version=1 ../testdata/zero_0B.zst,"rabin-262144-524288-1048576","1","0","true","true"
../testdata/zero_0B.zst,bafybeif7ztnhq65lumvvtr4ekcwd2ifwgm3awq4zfr3srh462rwyinlb4y,, add --chunker=size-1048576 --trickle=true --raw-leaves=true --cid-version=1 ../testdata/zero_0B.zst,"size-1048576","1","0","true","true"
../testdata/zero_0B.zst,bafybeif7ztnhq65lumvvtr4ekcwd2ifwgm3awq4zfr3srh462rwyinlb4y,, add --chunker=size-262144 --trickle=true --raw-leaves=true --cid-version=1 ../testdata/zero_0B.zst,"size-262144","1","0","true","true"
../testdata/zero_0B.zst,bafybeif7ztnhq65lumvvtr4ekcwd2ifwgm3awq4zfr3srh462rwyinlb4y,, add --chunker=size-65535 --trickle=true --raw-leaves=true --cid-version=1 ../testdata/zero_0B.zst,"size-65535","1","0","true","true"
../testdata/repeat_0.04GiB_175_1.zst,bafybeib35eltpqi7nmpls4owckv6ezsqy7q6qk7b3v5w4fcsaqlum67zqy,bafybeifamqozwjfgxme4q6ppxna4nzbx77qst4evtyd53kamxgumugsw7m, add --chunker=rabin --trickle=false --raw-leaves=false --cid-version=1 ../testdata/repeat_0.04GiB_175_1.zst,"rabin","1","0","false","false"
../testdata/repeat_0.04GiB_175_1.zst,bafybeiclsh7wxhrz2eaq4q5eyywmudpwgaw7bfvxvcglvcgr26ye37zpqu,bafybeiczs3mltr3ex5eszsam6asxb6o3yzbzq74an7ybdwfd3btbua7yge, add --chunker=rabin --trickle=true --raw-leaves=false --cid-version=1 ../testdata/repeat_0.04GiB_175_1.zst,"rabin","1","0","false","true"
../testdata/repeat_0.04GiB_175_1.zst,bafybeiafqiglaykk4xs6czgf3vszfrbkv7mxtr2x6iolbassc2tstlwuqu,bafybeifamqozwjfgxme4q6ppxna4nzbx77qst4evtyd53kamxgumugsw7m, add --chunker=rabin-262141 --trickle=false --raw-leaves=false --cid-version=1 ../testdata/repeat_0.04GiB_175_1.zst,"rabin-262141","1","0","false","false"
../testdata/repeat_0.04GiB_175_1.zst,bafybeibrlj4wsmtoktzdkpptznjghfm7tgq4xbrkzy74qofgiwdhh4lbje,bafybeiczs3mltr3ex5eszsam6asxb6o3yzbzq74an7ybdwfd3btbua7yge, add --chunker=rabin-262141 --trickle=true --raw-leaves=false --cid-version=1 ../testdata/repeat_0.04GiB_175_1.zst,"rabin-262141","1","0","false","true"
../testdata/repeat_0.04GiB_175_1.zst,bafybeibaht2jnyvgczbhxlomxa6h2hjprxp6t7vgjde3yfqz4za36gd6vu,bafybeigdosbtqahmfa4v3l2w4d66ayijgl3l4nby2siz6vewx7wkslgb5i, add --chunker=rabin --trickle=false --raw-leaves=true --cid-version=1 ../testdata/repeat_0.04GiB_175_1.zst,"rabin","1","0","true","false"
../testdata/repeat_0.04GiB_175_1.zst,bafybeibaht2jnyvgczbhxlomxa6h2hjprxp6t7vgjde3yfqz4za36gd6vu,bafybeibcvkpyzwlkseu5no364tqeh5v2kj4465gbtemnbq7f2wqzry5mqe, add --chunker=rabin --trickle=true --raw-leaves=true --cid-version=1 ../testdata/repeat_0.04GiB_175_1.zst,"rabin","1","0","true","true"
../testdata/repeat_0.04GiB_175_1.zst,bafybeido5aipcy7xavicw4fhgtb33zo7iyehblsqkmvs3oaybhefb5ak3m,bafybeigdosbtqahmfa4v3l2w4d66ayijgl3l4nby2siz6vewx7wkslgb5i, add --chunker=rabin-262141 --trickle=false --raw-leaves=true --cid-version=1 ../testdata/repeat_0.04GiB_175_1.zst,"rabin-262141","1","0","true","false"
../testdata/repeat_0.04GiB_175_1.zst,bafybeido5aipcy7xavicw4fhgtb33zo7iyehblsqkmvs3oaybhefb5ak3m,bafybeibcvkpyzwlkseu5no364tqeh5v2kj4465gbtemnbq7f2wqzry5mqe, add --chunker=rabin-262141 --trickle=true --raw-leaves=true --cid-version=1 ../testdata/repeat_0.04GiB_175_1.zst,"rabin-262141","1","0","true","true"
../testdata/repeat_0.04GiB_175.zst,bafybeibckjim66243czixqzpie4bg5qbijfgulkaljchg4ql3b3v4ikxom,bafybeicydhnywd6ygplpwfydaocftt4bmzslrgbuenqyfpaivylodlgohm, add --chunker=rabin --trickle=false --raw-leaves=false --cid-version=1 ../testdata/repeat_0.04GiB_175.zst,"rabin","1","0","false","false"
../testdata/repeat_0.04GiB_175.zst,bafybeib6qcztaxolula56ji242v4iibldmdc7by4msd3uez42wlrns3ouu,bafybeid62l4qrdbseo3a7iw2gh7htee6hsewb6wruvwjppgh6mkrtadwku, add --chunker=rabin --trickle=true --raw-leaves=false --cid-version=1 ../testdata/repeat_0.04GiB_175.zst,"rabin","1","0","false","true"
../testdata/repeat_0.04GiB_175.zst,bafybeiaxbiniupeuqimvrstmhyglegs5qlm7rsvmcc3ulyl2onbt4vylu4,bafybeicydhnywd6ygplpwfydaocftt4bmzslrgbuenqyfpaivylodlgohm, add --chunker=rabin-262141 --trickle=false --raw-leaves=false --cid-version=1 ../testdata/repeat_0.04GiB_175.zst,"rabin-262141","1","0","false","false"
../testdata/repeat_0.04GiB_175.zst,bafybeih2dv3azwyhyaoytgqo63yu2brxu3uh3tkgkmezz2ubdcdhag7wey,bafybeid62l4qrdbseo3a7iw2gh7htee6hsewb6wruvwjppgh6mkrtadwku, add --chunker=rabin-262141 --trickle=true --raw-leaves=false --cid-version=1 ../testdata/repeat_0.04GiB_175.zst,"rabin-262141","1","0","false","true"
../testdata/repeat_0.04GiB_175.zst,bafybeiazkff3c6fupooqbxkxuixwavymxks7zjul33tatn5cf3bovwkzda,bafybeigfj4x3diznwfcblarkwl2f5mk25m7zc62duf2xbharmy4pv5lxe4, add --chunker=rabin --trickle=false --raw-leaves=true --cid-version=1 ../testdata/repeat_0.04GiB_175.zst,"rabin","1","0","true","false"
../testdata/repeat_0.04GiB_175.zst,bafybeiazkff3c6fupooqbxkxuixwavymxks7zjul33tatn5cf3bovwkzda,bafybeiasnzucgh5x5k5lhotvfzrkl6wtuhlscxwcqbpa2eylobs5gk4s2e, add --chunker=rabin --trickle=true --raw-leaves=true --cid-version=1 ../testdata/repeat_0.04GiB_175.zst,"rabin","1","0","true","true"
../testdata/repeat_0.04GiB_175.zst,bafybeih7usgfhwk6olbsdl5e6kypuyu4rfqnwbb4dkpdovztonmdr6rda4,bafybeigfj4x3diznwfcblarkwl2f5mk25m7zc62duf2xbharmy4pv5lxe4, add --chunker=rabin-262141 --trickle=false --raw-leaves=true --cid-version=1 ../testdata/repeat_0.04GiB_175.zst,"rabin-262141","1","0","true","false"
../testdata/repeat_0.04GiB_175.zst,bafybeih7usgfhwk6olbsdl5e6kypuyu4rfqnwbb4dkpdovztonmdr6rda4,bafybeiasnzucgh5x5k5lhotvfzrkl6wtuhlscxwcqbpa2eylobs5gk4s2e, add --chunker=rabin-262141 --trickle=true --raw-leaves=true --cid-version=1 ../testdata/repeat_0.04GiB_175.zst,"rabin-262141","1","0","true","true"
../testdata/repeat_0.04GiB_174_1.zst,bafybeicusnmywar3pgk5cmrjpovzte7rlt3xdj75fmml4hmevc4xnq2ese,bafybeiboxgjtxcxf7ug5qpwlwyjjnhfxrmehnyor3yujoga5iao664bp3a, add --chunker=rabin --trickle=false --raw-leaves=false --cid-version=1 ../testdata/repeat_0.04GiB_174_1.zst,"rabin","1","0","false","false"
../testdata/repeat_0.04GiB_174_1.zst,bafybeie2yibboz7tcuplz3tncps7ujuwvbg3l7jyfglhjqkrmbnlw5htda,bafybeih3crjmvihwxywe326hrzox3fthyqh6vkpawy7z6vt3c2yzicljaa, add --chunker=rabin --trickle=true --raw-leaves=false --cid-version=1 ../testdata/repeat_0.04GiB_174_1.zst,"rabin","1","0","false","true"
../testdata/repeat_0.04GiB_174_1.zst,bafybeierwgx44g32sbs6mk7tzwle2anrq7hkkbzfhpj6lyrpfg4ecn4fji,bafybeiboxgjtxcxf7ug5qpwlwyjjnhfxrmehnyor3yujoga5iao664bp3a, add --chunker=rabin-262141 --trickle=false --raw-leaves=false --cid-version=1 ../testdata/repeat_0.04GiB_174_1.zst,"rabin-262141","1","0","false","false"
../testdata/repeat_0.04GiB_174_1.zst,bafybeiclx3o3cky5rmigbhxx6wt72rwffwxz2nrg3fpyot5y7puzyzzz5q,bafybeih3crjmvihwxywe326hrzox3fthyqh6vkpawy7z6vt3c2yzicljaa, add --chunker=rabin-262141 --trickle=true --raw-leaves=false --cid-version=1 ../testdata/repeat_0.04GiB_174_1.zst,"rabin-262141","1","0","false","true"
../testdata/repeat_0.04GiB_174_1.zst,bafybeictlvwszzyzpb7apf6yuauqq5gvwzbsuqy24x4toptgxnwx4llo4i,bafybeiew6fbjstpum5e2h3hdnmgoj2alduuxc557ndc66fsvu7ozb6ykj4, add --chunker=rabin --trickle=false --raw-leaves=true --cid-version=1 ../testdata/repeat_0.04GiB_174_1.zst,"rabin","1","0","true","false"
../testdata/repeat_0.04GiB_174_1.zst,bafybeictlvwszzyzpb7apf6yuauqq5gvwzbsuqy24x4toptgxnwx4llo4i,bafybeig6i6y7bbekgz4fafnralz6iq4oiafnvbzz5d7ntmv5raaerm4fim, add --chunker=rabin --trickle=true --raw-leaves=true --cid-version=1 ../testdata/repeat_0.04GiB_174_1.zst,"rabin","1","0","true","true"
../testdata/repeat_0.04GiB_174_1.zst,bafybeieeafb6xeukf27vzt6ksjsz4di35obf53ziks2rdy4qfck2vxpsmu,bafybeiew6fbjstpum5e2h3hdnmgoj2alduuxc557ndc66fsvu7ozb6ykj4, add --chunker=rabin-262141 --trickle=false --raw-leaves=true --cid-version=1 ../testdata/repeat_0.04GiB_174_1.zst,"rabin-262141","1","0","true","false"
../testdata/repeat_0.04GiB_174_1.zst,bafybeieeafb6xeukf27vzt6ksjsz4di35obf53ziks2rdy4qfck2vxpsmu,bafybeig6i6y7bbekgz4fafnralz6iq4oiafnvbzz5d7ntmv5raaerm4fim, add --chunker=rabin-262141 --trickle=true --raw-leaves=true --cid-version=1 ../testdata/repeat_0.04GiB_174_1.zst,"rabin-262141","1","0","true","true"
../testdata/repeat_0.04GiB_174.zst,bafybeibzfgr2pnajx7g5dmzz56m64523svoyckmm37iqcsaeobb2nokiae,bafybeig76l2mhwa6iz2r5ijli3gxrrn7buxghc3qokxgkdfjlirjhixqte, add --chunker=rabin --trickle=false --raw-leaves=false --cid-version=1 ../testdata/repeat_0.04GiB_174.zst,"rabin","1","0","false","false"
../testdata/repeat_0.04GiB_174.zst,bafybeidvqzrjl4sury3mqy3sr22ywg3b32pbzznpfpgfhrptpf5kseklde,bafybeig6kmsgbeqqiblanpdvppl4xvpkyzr5l6mbyopyiaqzmkhqfnrcne, add --chunker=rabin --trickle=true --raw-leaves=false --cid-version=1 ../testdata/repeat_0.04GiB_174.zst,"rabin","1","0","false","true"
../testdata/repeat_0.04GiB_174.zst,bafybeigmlnsmhg72rme3mmnv6ccg7iu5kjuvwo4y7j7bylqwaiittx7o5a,bafybeig76l2mhwa6iz2r5ijli3gxrrn7buxghc3qokxgkdfjlirjhixqte, add --chunker=rabin-262141 --trickle=false --raw-leaves=false --cid-version=1 ../testdata/repeat_0.04GiB_174.zst,"rabin-262141","1","0","false","false"
../testdata/repeat_0.04GiB_174.zst,bafybeih4isp33bzkboy7hauxhz6zyaysz6pswrbyiszwlhhaylpqvvcffm,bafybeig6kmsgbeqqiblanpdvppl4xvpkyzr5l6mbyopyiaqzmkhqfnrcne, add --chunker=rabin-262141 --trickle=true --raw-leaves=false --cid-version=1 ../testdata/repeat_0.04GiB_174.zst,"rabin-262141","1","0","false","true"
../testdata/repeat_0.04GiB_174.zst,bafybeid5puqcsobeg226l6dfvcwznyi4tq4ezjmphikdi2pszffw3stuym,bafybeibzhntdcjvtchx5f3o6a2cpghfgsvd7n2nrbb7i6xs6jbytsprysa, add --chunker=rabin --trickle=false --raw-leaves=true --cid-version=1 ../testdata/repeat_0.04GiB_174.zst,"rabin","1","0","true","false"
../testdata/repeat_0.04GiB_174.zst,bafybeid5puqcsobeg226l6dfvcwznyi4tq4ezjmphikdi2pszffw3stuym,bafybeibzhntdcjvtchx5f3o6a2cpghfgsvd7n2nrbb7i6xs6jbytsprysa, add --chunker=rabin --trickle=true --raw-leaves=true --cid-version=1 ../testdata/repeat_0.04GiB_174.zst,"rabin","1","0","true","true"
../testdata/repeat_0.04GiB_174.zst,bafybeihuo5nqxuirumwj4zuel3g3no4ocdfdoz3hwtserkegl5uupuuzbq,bafybeibzhntdcjvtchx5f3o6a2cpghfgsvd7n2nrbb7i6xs6jbytsprysa, add --chunker=rabin-262141 --trickle=false --raw-leaves=true --cid-version=1 ../testdata/repeat_0.04GiB_174.zst,"rabin-262141","1","0","true","false"
../testdata/repeat_0.04GiB_174.zst,bafybeihuo5nqxuirumwj4zuel3g3no4ocdfdoz3hwtserkegl5uupuuzbq,bafybeibzhntdcjvtchx5f3o6a2cpghfgsvd7n2nrbb7i6xs6jbytsprysa, add --chunker=rabin-262141 --trickle=true --raw-leaves=true --cid-version=1 ../testdata/repeat_0.04GiB_174.zst,"rabin-262141","1","0","true","true"
../testdata/rand_5MiB.zst,bafybeicq3dxxs4fc3d5i2px3ppwuqohebakdde6sdpcgejetgajgae6oqm,bafybeieyifrgpjn3yengthr7qaj72ozm2aq3wm53srgeprc43w67qpvfqa, add --chunker=rabin --trickle=false --raw-leaves=false --cid-version=1 ../testdata/rand_5MiB.zst,"rabin","1","0","false","false"
../testdata/rand_5MiB.zst,bafybeigv26htts4xjiyewghuk3fzp2zj3yn5kolyxpqsx4xhoirvbnjhii,bafybeigfcjogo5ydcbpwmygvoo7kobjlt3j3aidtvnceukbockncpalxne, add --chunker=rabin --trickle=true --raw-leaves=false --cid-version=1 ../testdata/rand_5MiB.zst,"rabin","1","0","false","true"
../testdata/rand_5MiB.zst,bafybeih2z3dzm3asiai3asu7aaapevm4tzcjt2z6nov7xui55lnrivy3fm,bafybeidpqw5oqokinz6fy6hls56b4zc5kvqsvzj4eadn5lssmy3zp44jvm, add --chunker=rabin-128-65535-524288 --trickle=false --raw-leaves=false --cid-version=1 ../testdata/rand_5MiB.zst,"rabin-128-65535-524288","1","0","false","false"
../testdata/rand_5MiB.zst,bafybeihqanncbib6px4iam3nsqdbl5hn3lbrw4ufuwqglns5smfoqpffd4,bafybeig3a3bont5we3ga74i75yb4sh3loo3f4jcmde7ikxofa6fwvfznya, add --chunker=rabin-128-65535-524288 --trickle=true --raw-leaves=false --cid-version=1 ../testdata/rand_5MiB.zst,"rabin-128-65535-524288","1","0","false","true"
../testdata/rand_5MiB.zst,bafybeiexunral45tyfwhvsddw7remw3oo3ewxvpqkkdzcej6cpyaeaihie,bafybeieyifrgpjn3yengthr7qaj72ozm2aq3wm53srgeprc43w67qpvfqa, add --chunker=rabin-262141 --trickle=false --raw-leaves=false --cid-version=1 ../testdata/rand_5MiB.zst,"rabin-262141","1","0","false","false"
../testdata/rand_5MiB.zst,bafybeic5ybszl6ntec2pgagwbv5y5z32y246twb655jd572qtjisooffum,bafybeigfcjogo5ydcbpwmygvoo7kobjlt3j3aidtvnceukbockncpalxne, add --chunker=rabin-262141 --trickle=true --raw-leaves=false --cid-version=1 ../testdata/rand_5MiB.zst,"rabin-262141","1","0","false","true"
../testdata/rand_5MiB.zst,bafybeieplhvsyeqjmv47zzadm5l5umsdwlnez27sfvh2mj2k5pg7uuougm,bafybeicd4q4httz6twk4yaude3p7pepr5olnikgyoaab7ucpuj7tmez7qm, add --chunker=rabin-262144-524288-1048576 --trickle=false --raw-leaves=false --cid-version=1 ../testdata/rand_5MiB.zst,"rabin-262144-524288-1048576","1","0","false","false"
../testdata/rand_5MiB.zst,bafybeib65evscoklmw3jvzpjg6l6oqdhzlshcvhoclb3d6zvypbyrcs2rm,bafybeigtzc35orqj2fw3ntndigskb6dvvptle2zvywxxgzkhbincmapy2y, add --chunker=rabin-262144-524288-1048576 --trickle=true --raw-leaves=false --cid-version=1 ../testdata/rand_5MiB.zst,"rabin-262144-524288-1048576","1","0","false","true"
../testdata/rand_5MiB.zst,bafybeicms4x7k62edxnnyysfufsotnivbfjoj6a7aouujcgg4l2kasnsey,bafybeigfnx3tka2rf5ovv2slb7ymrt4zbwa3ryeqibe6fipyt5vgsrli3u, add --chunker=rabin --trickle=false --raw-leaves=true --cid-version=1 ../testdata/rand_5MiB.zst,"rabin","1","0","true","false"
../testdata/rand_5MiB.zst,bafybeicms4x7k62edxnnyysfufsotnivbfjoj6a7aouujcgg4l2kasnsey,bafybeigfnx3tka2rf5ovv2slb7ymrt4zbwa3ryeqibe6fipyt5vgsrli3u, add --chunker=rabin --trickle=true --raw-leaves=true --cid-version=1 ../testdata/rand_5MiB.zst,"rabin","1","0","true","true"
../testdata/rand_5MiB.zst,bafybeiexnsvveo5oe3fxtsrtrcjuodpvxh7rzhe2z3xabt7vdkasszbxhq,bafybeiay2feeepthivt2gclfyqr467ighrr3nl2obh3dcqua3liygivgzq, add --chunker=rabin-128-65535-524288 --trickle=false --raw-leaves=true --cid-version=1 ../testdata/rand_5MiB.zst,"rabin-128-65535-524288","1","0","true","false"
../testdata/rand_5MiB.zst,bafybeiexnsvveo5oe3fxtsrtrcjuodpvxh7rzhe2z3xabt7vdkasszbxhq,bafybeiay2feeepthivt2gclfyqr467ighrr3nl2obh3dcqua3liygivgzq, add --chunker=rabin-128-65535-524288 --trickle=true --raw-leaves=true --cid-version=1 ../testdata/rand_5MiB.zst,"rabin-128-65535-524288","1","0","true","true"
../testdata/rand_5MiB.zst,bafybeicqqoxl7fw63vmqnmfpksechtot5sp3imu6fpmwrjxey7zy7iehcy,bafybeigfnx3tka2rf5ovv2slb7ymrt4zbwa3ryeqibe6fipyt5vgsrli3u, add --chunker=rabin-262141 --trickle=false --raw-leaves=true --cid-version=1 ../testdata/rand_5MiB.zst,"rabin-262141","1","0","true","false"
../testdata/rand_5MiB.zst,bafybeicqqoxl7fw63vmqnmfpksechtot5sp3imu6fpmwrjxey7zy7iehcy,bafybeigfnx3tka2rf5ovv2slb7ymrt4zbwa3ryeqibe6fipyt5vgsrli3u, add --chunker=rabin-262141 --trickle=true --raw-leaves=true --cid-version=1 ../testdata/rand_5MiB.zst,"rabin-262141","1","0","true","true"
../testdata/rand_5MiB.zst,bafybeiam4rsoa4grxm6bmmdmgi2ab6ssbdqdbmbyo36sqns6m4uhxgqzkq,bafybeie4cj56pzirokdukfdz6ehdfmwvnhab6pfa66kppcn6nnohouh7ry, add --chunker=rabin-262144-524288-1048576 --trickle=false --raw-leaves=true --cid-version=1 ../testdata/rand_5MiB.zst,"rabin-262144-524288-1048576","1","0","true","false"
../testdata/rand_5MiB.zst,bafybeiam4rsoa4grxm6bmmdmgi2ab6ssbdqdbmbyo36sqns6m4uhxgqzkq,bafybeie4cj56pzirokdukfdz6ehdfmwvnhab6pfa66kppcn6nnohouh7ry, add --chunker=rabin-262144-524288-1048576 --trickle=true --raw-leaves=true --cid-version=1 ../testdata/rand_5MiB.zst,"rabin-262144-524288-1048576","1","0","true","true"
../testdata/prand_64MiB.zst,bafybeiewb5d6puhwide577xb4zppc5y5ouwyjd7cbcjxalqlt263dsod7y,bafybeifvenswxbpcavprv3yi4q4ej4cxzqggpjyktqvw7tbvk6jrzsncea, add --chunker=rabin --trickle=false --raw-leaves=false --cid-version=1 ../testdata/prand_64MiB.zst,"rabin","1","0","false","false"
../testdata/prand_64MiB.zst,bafybeicpww3gmakbjutx2pyd75yz34au73no27i74y7rvmdhj3kbwsx7my,bafybeibxec6kq5ylf4vfzttndj4qsmewknrstgjbztl2w7twll5hbmb5eu, add --chunker=rabin --trickle=true --raw-leaves=false --cid-version=1 ../testdata/prand_64MiB.zst,"rabin","1","0","false","true"
../testdata/prand_64MiB.zst,bafybeiga4thzghx4bfvoj2wmicr4fop6ecy7ralwywltgrllrmid4ednkq,bafybeifmycz7vfevmvrc6mzf3vw3ckddblwhs6inzwytsr6rlemwor3uhq, add --chunker=rabin-128-65535-524288 --trickle=false --raw-leaves=false --cid-version=1 ../testdata/prand_64MiB.zst,"rabin-128-65535-524288","1","0","false","false"
../testdata/prand_64MiB.zst,bafybeibfimnr2my7wgy52cerryaputsycaqligsuxg7bjns2gkpdy633o4,bafybeiegdy2wml4ytodgg6lbj2yvuwstm253keoa2dmp6ya66mskuf4uky, add --chunker=rabin-128-65535-524288 --trickle=true --raw-leaves=false --cid-version=1 ../testdata/prand_64MiB.zst,"rabin-128-65535-524288","1","0","false","true"
../testdata/prand_64MiB.zst,bafybeig3ljhzlds5iym43ttfijw5grg56q3btlhyijywxtlppjz7b4ozva,bafybeifvenswxbpcavprv3yi4q4ej4cxzqggpjyktqvw7tbvk6jrzsncea, add --chunker=rabin-262141 --trickle=false --raw-leaves=false --cid-version=1 ../testdata/prand_64MiB.zst,"rabin-262141","1","0","false","false"
../testdata/prand_64MiB.zst,bafybeidlg5y6gdf7vo5wohlu4iguvkucfkjdjk2yjd6yk34mkawxf2i7p4,bafybeibxec6kq5ylf4vfzttndj4qsmewknrstgjbztl2w7twll5hbmb5eu, add --chunker=rabin-262141 --trickle=true --raw-leaves=false --cid-version=1 ../testdata/prand_64MiB.zst,"rabin-262141","1","0","false","true"
../testdata/prand_64MiB.zst,bafybeibjnl4brumliwwpvvne6poj54pcnrjh4xyqbi43cqcoqmeqefscoy,bafybeie5lmnelf2mjr7flavmxbdjwr3gdlg3tgwzjpr3p7prgyrrxvlmyy, add --chunker=rabin-262144-524288-1048576 --trickle=false --raw-leaves=false --cid-version=1 ../testdata/prand_64MiB.zst,"rabin-262144-524288-1048576","1","0","false","false"
../testdata/prand_64MiB.zst,bafybeicvi6qriel7escviq4aypbndwx5owybr7xvt4eq4m5sm5kzgy3m4e,bafybeighsspdqbkh6a26cgauvv2ktzpq3tc7n5dcpq4hzxf7vmnvxy527u, add --chunker=rabin-262144-524288-1048576 --trickle=true --raw-leaves=false --cid-version=1 ../testdata/prand_64MiB.zst,"rabin-262144-524288-1048576","1","0","false","true"
../testdata/prand_64MiB.zst,bafybeifsyosyzbksmb7faa5onjlxa5ljuufglibi5fyi46puz25soglaaa,bafybeiflsb6t6y4paplsxe2zdtru44hvbqvqwvzkytwzbeqzb2nouamgqi, add --chunker=rabin --trickle=false --raw-leaves=true --cid-version=1 ../testdata/prand_64MiB.zst,"rabin","1","0","true","false"
../testdata/prand_64MiB.zst,bafybeihabdro225hswl5rjp4nffcv7t6ur5us4vwhi6czu3bwkynwtpvwm,bafybeiexzzelfh7mm47ruvywdsan3kbvntvsg273b32zasjqnuvcbl67km, add --chunker=rabin --trickle=true --raw-leaves=true --cid-version=1 ../testdata/prand_64MiB.zst,"rabin","1","0","true","true"
../testdata/prand_64MiB.zst,bafybeiajzv4rlcp2er7dj65m72vlipukoxuvk7idzes6vldvcf5jwoyiv4,bafybeigmygcb5nfml6eqqn7rzhvqnf3c47f6kmkynt52p2sfivnsrndip4, add --chunker=rabin-128-65535-524288 --trickle=false --raw-leaves=true --cid-version=1 ../testdata/prand_64MiB.zst,"rabin-128-65535-524288","1","0","true","false"
../testdata/prand_64MiB.zst,bafybeicoqcboocvznjcbvecfkr2oajtn4b4mc62msnq6lcrbzma4hh2lza,bafybeigphw2itdp2yjmlzquwgi3bcb5rycdm7tqz6edpqwxw7jy4zhkkla, add --chunker=rabin-128-65535-524288 --trickle=true --raw-leaves=true --cid-version=1 ../testdata/prand_64MiB.zst,"rabin-128-65535-524288","1","0","true","true"
../testdata/prand_64MiB.zst,bafybeick6tt62mdkmmid3otyd5mzvysyiovkdyzpbvrbevsgil6z36igti,bafybeiflsb6t6y4paplsxe2zdtru44hvbqvqwvzkytwzbeqzb2nouamgqi, add --chunker=rabin-262141 --trickle=false --raw-leaves=true --cid-version=1 ../testdata/prand_64MiB.zst,"rabin-262141","1","0","true","false"
../testdata/prand_64MiB.zst,bafybeievpydxa4jcrjculjbfcpyzgkbcj5ohfaxoyteru5ejvzg3cfa5qa,bafybeiexzzelfh7mm47ruvywdsan3kbvntvsg273b32zasjqnuvcbl67km, add --chunker=rabin-262141 --trickle=true --raw-leaves=true --cid-version=1 ../testdata/prand_64MiB.zst,"rabin-262141","1","0","true","true"
../testdata/prand_64MiB.zst,bafybeifodydolhya5ico3fc3edz3kexs35fde3m3abpztw7cx2jeoygdpq,bafybeid7mjasgb7pchkbbeuqkvcgdjtcuwreb5nreexuime7ha53ds23ja, add --chunker=rabin-262144-524288-1048576 --trickle=false --raw-leaves=true --cid-version=1 ../testdata/prand_64MiB.zst,"rabin-262144-524288-1048576","1","0","true","false"
../testdata/prand_64MiB.zst,bafybeifodydolhya5ico3fc3edz3kexs35fde3m3abpztw7cx2jeoygdpq,bafybeid7mjasgb7pchkbbeuqkvcgdjtcuwreb5nreexuime7ha53ds23ja, add --chunker=rabin-262144-524288-1048576 --trickle=true --raw-leaves=true --cid-version=1 ../testdata/prand_64MiB.zst,"rabin-262144-524288-1048576","1","0","true","true"
../testdata/large_repeat_5GiB.zst,bafybeiatsnrc6dvr5j5zsepksc4tjjoxlqpraze53iw6qgevppojgematm,bafybeia56x7nvqtldupkqb5fkvhnck2pxv6x34payvwvqgxa24o4weys4y, add --chunker=rabin --trickle=false --raw-leaves=false --cid-version=1 ../testdata/large_repeat_5GiB.zst,"rabin","1","0","false","false"
../testdata/large_repeat_5GiB.zst,bafybeiaqt3chuhmvkigbycrgg3pheyvdmlpacyovtitrszhkgmi7rycjxu,bafybeibfwc2pmc5yr76r7t6lnfflj6hrrr5xj4kcyc6dfsbhtacatte65e, add --chunker=rabin --trickle=true --raw-leaves=false --cid-version=1 ../testdata/large_repeat_5GiB.zst,"rabin","1","0","false","true"
../testdata/large_repeat_5GiB.zst,bafybeieqdg2syl7n5npdt5uzbmnvgnluqaxhbhfr7rzc5sol2ua7dnseo4,bafybeia56x7nvqtldupkqb5fkvhnck2pxv6x34payvwvqgxa24o4weys4y, add --chunker=rabin-262141 --trickle=false --raw-leaves=false --cid-version=1 ../testdata/large_repeat_5GiB.zst,"rabin-262141","1","0","false","false"
../testdata/large_repeat_5GiB.zst,bafybeietac5fykaw2jlgdj6bwnxxffqorb3efhiopm34rbwi5to5z2e6rq,bafybeibfwc2pmc5yr76r7t6lnfflj6hrrr5xj4kcyc6dfsbhtacatte65e, add --chunker=rabin-262141 --trickle=true --raw-leaves=false --cid-version=1 ../testdata/large_repeat_5GiB.zst,"rabin-262141","1","0","false","true"
../testdata/large_repeat_5GiB.zst,bafybeiagnikcnvlgukhriasy7qujogmv6oesiuu2i5b6lkvvdhgz5jdzcm,bafybeia3kyhmzicrlqrnkwuq2i3rh443d7mxgbxof276taxvbol7ae6zja, add --chunker=rabin --trickle=false --raw-leaves=true --cid-version=1 ../testdata/large_repeat_5GiB.zst,"rabin","1","0","true","false"
../testdata/large_repeat_5GiB.zst,bafybeiaedbchinvw4efr54z4vmyr67sov4uqtf5forfkv5tdtoxhmquvae,bafybeibkk3ztvggbxaev5wcfggiphqaknwj7h656ojmhaxry4oacx6pqfe, add --chunker=rabin --trickle=true --raw-leaves=true --cid-version=1 ../testdata/large_repeat_5GiB.zst,"rabin","1","0","true","true"
../testdata/large_repeat_5GiB.zst,bafybeic5f7kwckxzqdstixeh3p2x42b2q3glllcqpri7fg5mwkhm54s5hq,bafybeia3kyhmzicrlqrnkwuq2i3rh443d7mxgbxof276taxvbol7ae6zja, add --chunker=rabin-262141 --trickle=false --raw-leaves=true --cid-version=1 ../testdata/large_repeat_5GiB.zst,"rabin-262141","1","0","true","false"
../testdata/large_repeat_5GiB.zst,bafybeif4etke225qwxve2iw3mzvwlfgznvw2c2ynunq6qcr2gqjzjlomya,bafybeibkk3ztvggbxaev5wcfggiphqaknwj7h656ojmhaxry4oacx6pqfe, add --chunker=rabin-262141 --trickle=true --raw-leaves=true --cid-version=1 ../testdata/large_repeat_5GiB.zst,"rabin-262141","1","0","true","true"
../testdata/large_repeat_1GiB.zst,bafybeic3x4msvks5d4yazxnhuocozqociqxhds2dg6itsr6kea4ig2p7gq,bafybeiasklpnkiqfk6x5tdsuo7ztrtp67gyccnvziogcv4m6xoyox6zeea, add --chunker=rabin --trickle=false --raw-leaves=false --cid-version=1 ../testdata/large_repeat_1GiB.zst,"rabin","1","0","false","false"
../testdata/large_repeat_1GiB.zst,bafybeia32liijirl6oh7mzgsrjtubhv2zufqa74rby2p2tenvb5udurpte,bafybeib5jk2iayx654pjubrp2vx62wa7orhlhojxyrdddrzy2vpxnrvq4q, add --chunker=rabin --trickle=true --raw-leaves=false --cid-version=1 ../testdata/large_repeat_1GiB.zst,"rabin","1","0","false","true"
../testdata/large_repeat_1GiB.zst,bafybeighetbo2xn5b3p56whf65hkawaw62kjrnnu4cykjfngy6qoy6psie,bafybeiasklpnkiqfk6x5tdsuo7ztrtp67gyccnvziogcv4m6xoyox6zeea, add --chunker=rabin-262141 --trickle=false --raw-leaves=false --cid-version=1 ../testdata/large_repeat_1GiB.zst,"rabin-262141","1","0","false","false"
../testdata/large_repeat_1GiB.zst,bafybeibmporbj47svvz22zclzqeezshfupagxlppcbm4nil2v4nu2x7jey,bafybeib5jk2iayx654pjubrp2vx62wa7orhlhojxyrdddrzy2vpxnrvq4q, add --chunker=rabin-262141 --trickle=true --raw-leaves=false --cid-version=1 ../testdata/large_repeat_1GiB.zst,"rabin-262141","1","0","false","true"
../testdata/large_repeat_1GiB.zst,bafybeifdyy47lpatwhgie4otzn6rhjbjvrxpj3tlbze2j5xlsexpvca32y,bafybeibrrmdfq2kxgfqw5iwqzg34uva6gve24w7wvm4fxnqbqj65ftosse, add --chunker=rabin --trickle=false --raw-leaves=true --cid-version=1 ../testdata/large_repeat_1GiB.zst,"rabin","1","0","true","false"
../testdata/large_repeat_1GiB.zst,bafybeifefihxrr42ovfgxsccqfbqqpbzia7hx4n5ixipwpiojokmmbmuqi,bafybeifze3dxa34rdje6omdl5nk5ldb3pdog2hyzizbpgtps6u3kwk2d2u, add --chunker=rabin --trickle=true --raw-leaves=true --cid-version=1 ../testdata/large_repeat_1GiB.zst,"rabin","1","0","true","true"
../testdata/large_repeat_1GiB.zst,bafybeieyofvtkbznjvgv7taa5ujq3yi3zvmwpq3hh7xekyqashamo7omea,bafybeibrrmdfq2kxgfqw5iwqzg34uva6gve24w7wvm4fxnqbqj65ftosse, add --chunker=rabin-262141 --trickle=false --raw-leaves=true --cid-version=1 ../testdata/large_repeat_1GiB.zst,"rabin-262141","1","0","true","false"
../testdata/large_repeat_1GiB.zst,bafybeieprhywe62lqn6jikmdhtgq3lcd63m7na67wdubdsusuwjahegdwa,bafybeifze3dxa34rdje6omdl5nk5ldb3pdog2hyzizbpgtps6u3kwk2d2u, add --chunker=rabin-262141 --trickle=true --raw-leaves=true --cid-version=1 ../testdata/large_repeat_1GiB.zst,"rabin-262141","1","0","true","true"
